ArrivalRate,TreatmentTime,Doctors,AvgWait
3.612443050873057,7.787874879651806,5,454.798927163565
9.507884116974846,9.153652793668966,3,467.55662570172603
4.483966788773329,11.572421013787485,2,482.5452395135907
6.406987253563813,16.471595637378975,3,471.4338692303823
14.99191893211674,6.747929999294891,2,493.6419724162715
5.2206758658266,8.114331001000028,1,492.70232617601056
10.835619517444599,9.616513471293331,6,469.97332960772786
5.8456144657518925,16.584822285504217,1,446.7820515367887
2.9241765941749085,16.4610194393062,5,464.80195592872775
6.212910579884089,9.989001836530353,2,493.22566220435004
7.545961190346491,15.136011703653175,3,502.16760070565545
8.442371808136222,9.02648106523672,5,486.4537532348433
10.87807206474679,10.125368476682574,3,496.5993419191098
4.511889667278904,12.218122743084693,3,490.6133707384866
12.791202830639927,14.033384586428324,1,530.0439811350772
10.356909491910706,18.08559098492603,6,477.2851371015947
9.113619100791698,14.845172513767967,5,476.6389915187686
14.253675269589554,16.341563341719137,5,514.3691552110743
8.873786552372097,9.215128398959495,2,504.5806058502041
14.611586205255486,6.847700080307212,5,485.04239964487743
8.370455105039325,16.293978009464794,2,472.8753108744451
9.116238373017408,12.584476896495225,3,482.9976884576765
6.210405097127971,15.50892288610352,1,502.08496109131556
9.430362669829442,18.729189369870713,3,497.1462767910817
7.118308233205259,17.767001347664234,6,478.7148529485743
5.298920066846967,11.814846706437432,6,482.9068937496603
11.566138368549515,6.176998240741213,3,481.3709617496998
14.414086048517591,18.058133809254436,5,486.0831057669015
4.282653092933531,7.788136994061852,4,457.3636778456051
2.381647553136711,6.111300416953309,3,446.32792742845226
4.528163418084972,13.712568078063091,5,480.3370158318934
13.705330684517836,15.401822314252753,4,468.06894161206935
13.133247595737235,15.86421689360189,1,511.25866434221405
12.633536007205196,8.741584776473918,5,479.2601313008604
11.54881704559837,5.8031721101345095,5,477.8888515781545
5.135265519207545,7.595709533838819,4,465.96102964475386
2.993181557079639,7.684338392618022,1,501.81388311912866
5.2273853625932425,15.455871537487521,5,476.9028976691416
8.081937192056277,15.371895275546962,5,468.87533066796146
5.888975015303227,15.75871459163726,2,492.48503027830117
8.02033084586765,19.576309463248197,5,471.5111368306757
3.719411281621195,12.287507385891988,5,470.7151839730755
12.003265535702656,6.609068642029503,5,481.5573926627278
7.54436502120666,12.132428526099808,5,467.2069833320147
2.360859507262579,11.697987727056136,5,461.4969999529438
5.777203441700955,7.704668375762308,5,468.0031253278656
4.684227712239322,19.67631617398409,3,477.87876954683884
2.4897199241636185,5.357474711261737,2,447.4725639922591
7.878449896955379,10.100288370201906,6,482.9990249615994
10.269265455682618,5.287132528230495,2,480.92584173246524
6.365023705134684,7.11651068336423,2,499.5277607743935
6.733326132111628,5.553514845013417,5,460.7534037485015
11.180155586698358,12.495748765355918,6,473.1764590262687
4.711287688985221,13.977953561311361,3,480.76485818041766
2.2156832312477492,17.96798439013326,5,444.26731317937805
5.946841907015946,18.80617931203004,2,469.5355908025616
7.36007920884036,16.36511275498227,3,483.30823389507583
9.885390624527822,14.219606820635091,1,496.5190380661023
8.119231856113748,5.335010645712078,2,471.6396495146282
9.935354918448494,8.480311135080004,3,494.4383917251856
9.24842207749211,9.279237088429165,3,490.61300822316747
5.644025515945308,12.282026908906705,5,474.3320415628422
4.137028512057412,10.68546761614606,1,514.0000540910944
11.788640254505586,11.180859534544267,6,472.09404945668035
10.168164697176602,13.373557561122135,5,488.8234567540509
8.152137345216707,5.251543270197402,4,472.24654249800324
12.073395205602276,14.950867849184984,5,463.034220467101
14.534867554914097,13.94931262772974,5,500.9920487346895
11.272755023240867,6.194449064028874,4,477.90898099434224
13.880703229901586,8.02284281421403,3,498.44212647844813
4.208444855155532,5.780874650676047,2,480.88401950503254
5.935579836789349,13.499623927461888,6,463.21514363625533
9.478118138934335,11.169933515457924,6,475.252337597505
6.321942205648896,10.457049641852853,2,463.2030326107134
2.1620569632738915,16.674484341054296,2,475.89792353167286
14.506753227601873,9.238784921317368,2,472.60698668260017
6.211484275591615,10.005352787112466,2,490.1703680562619
12.898779862319593,12.509131490779495,2,497.0965462141087
12.144765948369871,14.498638241616678,3,485.72286893564086
6.325062664174213,11.142722031999181,5,476.25758003427194
13.226944761197828,12.649208679596725,3,491.35719950706056
2.4389581596093097,6.351189627046403,1,461.3573543853431
10.673507469159329,7.087240774051482,2,486.0325409866278
5.31490116233384,17.505654254735816,5,503.4946935583342
9.67579379940819,11.269917390458552,3,492.175126252156
4.49883743259052,15.03143041927458,2,475.51686004046286
10.652890347988057,19.613933535738738,3,478.812762968243
4.388184361474719,18.712309517417502,6,481.347332663504
8.189972678238952,8.099725698215794,5,484.92746443884556
13.978633922383962,17.05236559678457,2,484.6335065990605
7.044605775575445,17.41620155192803,2,486.7767343138612
8.017830547867483,17.957160740298566,1,489.9498853931234
8.573126816505354,17.210798551336026,4,504.83105730186
7.639856208175289,11.908243010083808,6,471.30681431580444
2.390684021725443,8.334583526480984,4,440.6360949306066
2.9013306031016763,18.116925128023528,6,467.0450237528382
11.253688127247752,17.874686350874992,4,465.9396691624291
8.97487053091721,12.43721388703809,1,507.15253823049113
12.688032863242928,13.715140186723463,6,491.8319947844997
5.046370411796211,5.160714901221667,4,465.90659025452146
8.056673837746999,6.399237612840924,1,489.49138150863274
14.621688648981621,12.776440409243623,4,479.3958559955063
5.17843635326603,6.9702995734646445,2,479.1626241304743
13.70482679526612,12.72448906652488,6,492.2584387810997
6.342294545426752,14.208374704225614,4,495.43145445864195
10.266368066254046,5.08172797246732,5,473.9871016485321
14.046678168930356,17.26284925335294,2,487.2485403229888
13.934124254677183,15.035659027037227,6,495.4658997526647
13.967992873469264,7.30493338613096,3,511.4566255751288
13.603024959835267,8.124530455197801,2,496.86579733477157
14.77259841965555,13.47327740248725,5,485.1089309533237
11.335727830787883,14.780514922880768,6,485.68150725560315
11.514936271454955,7.730657620843358,3,483.42099219116955
10.926369623894534,8.667089051633715,3,494.7581233826235
3.8388954067820933,7.191479561507645,4,453.3693201456681
9.721594100863914,5.7613332281154275,2,501.2763544457376
2.545873919098134,16.42503565937067,5,468.6505353035039
14.878649273218542,19.434235614152946,2,492.21702110795087
14.946703389290075,11.094800786514606,4,486.58815639948983
2.566472889174624,15.927769425154406,1,466.96747254199005
9.647608350048115,17.650838038836277,3,482.1244274789779
3.8011669321210215,18.55337557365484,3,494.10545221239624
7.988708067362771,7.41922329954651,6,461.2226367245496
6.96361676734749,19.49360076297137,4,500.6291496760202
6.6898983449680705,8.845056494106299,1,470.41625423121724
12.309316578815512,17.607148360903693,5,481.5717638259032
12.788204275244553,15.607349798836498,4,484.7408491912943
3.86958606618312,15.772099213911671,4,462.67845529746734
7.035113123236234,10.961479210250499,4,489.36338649834414
10.278637696593806,13.278107104229873,2,501.21658393018913
14.016775180790823,11.799521564893956,4,475.2912878769591
8.981238716012857,9.458463305807385,6,466.3555848014477
13.754096101213557,10.732210390410167,5,487.2880649564119
11.13813587627789,11.917330200592804,6,484.41279324454285
2.1450924084740146,10.748598769857523,1,491.10141068646755
12.210812141161014,18.083025949276962,6,486.535060736707
9.064302896864646,15.992847678135997,2,488.52051834907337
12.939172012371197,11.851286317677488,5,486.967133287637
2.6349077831586176,10.263687610497714,5,449.79267727074875
9.633106670012769,13.022306601185342,3,509.59525149232576
13.983389634836673,13.623448376300061,4,470.4066150255417
10.965257024404293,6.276947372624555,5,491.26405133041357
12.895911307627285,19.78930094123045,6,478.2997403841571
7.582745482278585,16.705492555605407,5,467.9208051392052
7.226759661802018,6.694313559676113,5,473.6629984117706
4.984325146320596,9.791626253142914,4,461.11861732874195
4.58978834492432,7.016204228851732,1,479.3913260368854
8.971127394651244,8.409730955318235,3,484.6996541835655
8.971629622076918,15.81030036195681,2,506.186987232291
10.676993151882783,10.877650680270502,5,472.1388301487828
8.08499232281693,11.316835578865877,5,474.6729893662388
12.131442540918117,13.9997493326379,1,497.5400615937098
14.990753924584503,10.021795531534853,1,471.6836518099241
10.11436528653826,7.824376359767904,2,486.28072481491716
12.407045571972217,5.209411292686519,3,487.6357389958628
4.213654162478842,10.165030145604295,1,476.53679756945235
7.460274582816546,15.882898974343838,5,471.5391797953451
11.944975559321358,11.92439456662622,6,497.08689803117204
7.591114552729232,8.402739478424653,5,468.91498278004485
11.77247782485342,11.733955910049698,3,505.40818972498926
5.89689757597924,6.060761655685338,3,476.2975624184669
7.795285122849429,11.379262149837057,1,507.0581245116359
6.018296816628263,13.271526120444786,5,475.1108060688229
11.631642222396582,13.219601012327917,2,476.6689980362827
5.008772213397683,12.82387292828983,3,468.87526548842146
3.3263792350697354,19.38105121893661,4,476.63996323410856
12.929519642866303,5.021561653357429,6,477.33320748517116
10.210983914189157,8.678924905886559,5,493.6594677352744
14.40823590039859,5.64585001666096,4,479.51105310449407
12.072631303638932,10.602847896586443,3,505.61110264738033
8.844287973867942,16.123607964151535,3,496.4881919636165
10.152290641922082,19.697193798827364,4,492.757674358573
10.440623185268981,17.80162266309654,1,482.9982165914086
3.9409395844683024,15.634735725425784,2,504.67609105993284
8.673343404618883,6.64172678621878,6,476.46510452340016
7.33561596438852,16.287280489467307,5,492.21926202335374
13.17572596558711,11.203888317569154,2,504.54223068308966
3.4218740656684767,19.2195610473276,1,517.8658464140976
11.431602104454269,17.952011737403453,2,486.62047275916416
14.733185740183256,7.456595213519243,5,501.5632218503006
11.190105187135114,11.957620634485464,6,483.5364247414461
10.195671824474182,8.152558552294701,1,479.651861068548
8.968280983554628,8.005675504376043,3,468.31184934468314
6.267550821451028,7.429417796651235,3,468.4029781525006
14.733577728191916,6.464885800401246,1,507.1647830505601
12.414549893171005,15.641742675882156,3,484.21458343176283
12.913622983431024,5.182206491676296,5,473.629056757207
2.888809814851389,16.94360310819394,5,450.1483961703268
10.814827924900106,8.396061635699105,5,477.7264755750954
3.8253127300671643,10.803780509301657,6,437.383246955633
5.053060106754828,8.732148321654599,6,470.36692253048795
4.487678575730163,10.725881348263137,1,486.5332893537676
10.383556729043331,11.460654950914522,4,482.40111052921606
5.233112420369216,17.20974421328805,6,476.4369370622748
7.516710983249173,17.990027293709147,6,489.086321466306
13.293465217303666,6.8429903637630884,3,490.1806991387308
7.901718865528381,8.370123189637821,3,476.27184082716786
6.556725936258451,14.85003312191556,3,489.17769935997836
14.093089679634401,9.464318754482814,5,481.2738442159653
3.738995500687456,14.540876679205045,6,464.7261531941028
9.45089633479444,14.490800483790503,6,488.0866272340995
7.673501900118045,14.299094082957271,2,469.3409297234469
13.311911814251646,8.488873348594721,6,477.4985197657434
13.090598816934035,12.661754622288282,4,478.5487603418731
2.140435785582919,18.987600208710507,1,469.2802158816613
12.010249209339069,9.389663507107107,4,481.9675593255429
10.559647645206677,6.953725701791333,1,494.2252167627803
2.501021885797666,14.47356097055064,1,493.9547331355923
9.218948916557562,13.325975599438072,3,503.9032609082022
12.79487299083746,8.603930732192019,5,473.8294443402305
11.91137125289673,14.673757669901724,6,488.2524408099228
6.273736975540975,6.185135905093091,5,471.6170660205143
11.555323252734302,7.946767208718345,5,471.9500407523284
3.793197351513978,9.23713684370361,3,480.8437130095667
2.7640085665441894,8.713867806682217,1,497.7488609203584
12.798242620400673,11.995451530770595,5,492.67401109418046
5.713299961547476,6.318179996930788,1,505.4524732165931
14.29442490274855,6.464941199377874,2,485.1502550722865
8.594100609982714,6.7935585112448695,4,491.7563634885024
11.44846565929492,5.814359535000172,5,483.1295176498544
7.439724888288783,6.7457433588763465,6,467.52820461951785
11.913217940027542,7.853595267743129,5,480.5929134780669
3.86084781617747,6.624421921712151,2,473.0029775015025
13.812424468115088,11.362151078401155,6,482.3455739468027
7.010797028765575,14.269629906902278,1,461.4849762309586
2.530405220790445,10.839178310895848,1,484.84884763650257
13.427213970332117,11.651541015810526,4,496.3623429171117
8.303999944561966,14.445525250948295,5,474.1589282050965
14.296247887805322,19.44641407567061,3,454.10180400565986
9.753270148777506,19.866715346973947,5,472.0501384624842
12.869007496323526,15.819282138060386,2,487.92693256489594
3.119790867385749,17.08410470939547,6,465.87392948524666
7.948052239877136,14.367950351549567,3,474.8713354126453
3.0541518749532903,5.923114088420568,5,426.4060818184271
13.545497649591788,12.456553124500694,2,485.12286563617494
10.06993570676139,9.954029238944951,2,515.1570475046526
13.817146607937127,17.189230912742822,5,495.7267996929085
9.784693160119632,10.874052511142438,6,476.90269155788764
14.193368070788672,10.791019863722031,4,484.40508388035323
3.663690650875693,7.622034962068636,2,498.794663466941
7.399802451788738,10.014525483666969,6,468.0259987904456
12.447659474180185,17.223207362027914,6,479.2217676454923
4.700759208547451,13.431364727479085,6,463.09024044544896
4.773646178081577,5.585475452471241,4,452.6325668528957
4.31092609270285,10.400015688982169,6,465.1995186338407
9.768687249330974,9.18953788793295,3,490.8600339952732
8.918631247806386,14.484704788744153,5,479.11257987553216
6.1173294524983675,14.552899067277176,6,464.04808160121604
7.115126459247634,6.4739649097651775,6,461.9686006700319
12.628861725816897,12.791854115647283,6,479.78644289748104
14.544601539312,13.313109912989665,3,479.0235041499916
12.972197023676406,8.321944285280495,4,472.7040791651005
8.558856761311553,5.206670265579616,3,493.4998341566683
9.904673468381418,17.722055430911173,2,503.4216644749802
9.284810047603077,11.596387804090801,4,492.8686255832538
11.588002411050278,17.954637104287094,3,492.7999033620137
11.138160670586785,15.549949917605494,4,482.7667226488719
6.7671101830908045,17.473834154704022,4,480.66525711691685
10.168412054476486,11.97566083914055,6,473.1242387538852
2.0304579803799916,13.58030395582111,2,482.78971285376093
9.812323060657148,10.090199409819732,1,489.4047455606745
10.398245256538686,10.084516849399245,2,493.902092362103
11.280949578321943,5.073208474051887,3,486.59298345655844
3.586477538347465,16.431414232562364,4,451.52397923559187
8.778368154028218,9.488386278692031,2,475.4298372609671
8.205163495617093,18.684144051105186,5,479.6250777558307
6.4599660206742655,5.322546399445457,6,454.56330826123667
8.18348810375585,11.227388533725346,5,480.3976178970982
5.754876758979193,19.690867611121174,5,469.7917042934192
4.470240028405436,6.250669741693858,6,433.9439666190499
8.970234327791381,12.354259747288184,5,479.26098582576634
8.072269310925732,12.517976893273561,5,472.32701491958755
4.893817320509848,10.730058035989803,5,480.0950295787117
12.504082554664972,5.290264339876607,6,473.29806128269
10.538818690128746,9.37380670500413,3,495.16277041455766
9.231396392405593,6.917208089860601,3,481.88570567979224
11.33230159770486,9.85986121141739,1,508.45519974431613
14.693386833793038,10.991870022553302,2,522.1163832254838
11.639119717748198,6.896400677984666,4,468.869296031273
13.383702558978541,6.942228596040758,3,478.6998118885338
11.342728055986013,6.275383423212593,3,485.54474200256305
8.46514602530873,10.600760397101048,4,488.51248675699554
6.819676109075533,8.480850938686087,2,485.7205768143404
7.922020658806915,11.070634419416315,6,473.5745373896562
5.736948762680038,5.551968593372802,6,449.4597504947388
9.879427321785807,19.372252434070333,1,500.58901565753655
4.267476008337237,16.19736287716339,1,486.8183686771332
8.726377905823258,11.221528386840873,6,465.9738968635583
9.838771833775898,12.737371616767327,2,501.14457823488453
11.484389207502613,15.986914057778161,1,469.78086912238484
2.69294499703186,9.200864122081235,6,429.3372200327494
8.114092539929121,15.660197750245125,1,497.35522775723655
11.14707562092877,8.57982095495116,5,476.7644863784775
7.3356252572496565,15.782956653140312,3,479.74654003852083
13.299044352600573,16.41038123207354,6,466.7988436177171
12.351862286811933,18.753290959844843,4,483.42854492533064
11.917540657224253,13.874792448021601,6,484.20949455665715
6.193416245881985,11.546495623190296,3,495.7857036423071
7.479248038418633,6.145373905070752,6,459.5055663937209
12.317679693402784,17.729807674839492,5,488.86905662897203
10.156783975701723,7.941721745175917,4,475.6162049879872
4.902916292822492,8.851535712711055,4,467.5734014032769
13.107949901245956,18.600533206901368,1,434.7535169651397
12.843177663948287,11.581306207913046,5,482.06918877746307
4.6007539971408455,14.852996958271184,6,464.5286516487839
14.646022794756169,17.86543613408153,4,498.6552131951787
14.018024026492967,13.294763099522301,1,487.4244452221342
7.417075808592595,7.055555212814824,5,476.0553694513497
12.682309348106648,9.396381476551918,6,474.7864064811009
14.883934466642982,5.841972782631733,2,487.4690307930539
4.497481583686014,5.209885936310706,6,433.67656280784666
10.667337611947248,17.521214589566945,2,469.3535307721198
10.009914806218045,12.50826325571315,4,482.3275803065198
10.461776891982833,14.226066526281757,6,477.2740754116201
12.061155397831909,19.497631435088046,4,478.0835442810497
9.036469389364491,19.940744503510352,1,483.92879576689444
3.0546041363387824,15.778223594861947,1,485.3127941265812
7.260995909114954,14.125687778989606,1,500.2077053182438
14.084244631151279,7.263156358293333,6,480.42764704356455
8.558659490476522,14.790586237705,3,473.8911682244386
7.323997199787342,19.97962125599132,2,498.3898684999675
7.373826461917885,16.857049013602257,4,478.80033657381114
10.54143880471497,8.804063741581842,6,475.2735342258479
3.1624466335442007,19.342548300958534,3,481.5025063977092
14.52263360428299,18.647957861988033,5,485.39542221576
2.383301319665918,18.13802285074251,4,481.79911580352365
14.78178311752782,5.692706336936927,1,494.80464879240697
8.63634433759014,11.210367508842484,6,486.26305185561125
11.840371680936405,6.266855685850043,4,477.3885680306546
5.716246483160231,17.665015267450926,4,472.4874673437222
6.058398240063251,11.614898511575287,2,507.1221811771948
11.795002433101054,12.522870197743893,4,489.83674910475844
6.662360442316035,13.37399583112756,1,487.9210652485109
4.549717361975465,12.031126345492495,4,472.92369486923525
12.816018693895318,6.6516982006885925,2,503.90970982307095
9.278271662643078,19.772212438103978,2,502.52326382090047
3.2817333776377318,6.663999748377821,1,496.70038223695644
8.050391061215024,12.902266136412042,4,475.13417019079185
11.044710188750773,17.33239074936528,6,491.4449902550214
3.342260987883024,9.9743343984001,5,471.97032693718614
7.555819602023433,18.304617130559585,1,520.9606785692812
9.333898270416684,7.7612736926920025,6,470.39520778486366
14.64753657814195,6.150426990525817,1,496.96874329428846
11.903910170788707,14.40121150937395,5,466.82079507604124
4.312221504068135,5.086021862058105,6,429.59539243279653
3.9659682869319512,16.621982882363195,6,466.98401541093295
10.984908026339241,12.316910602468306,4,478.0137994350492
7.640193427781154,12.607291769907683,2,485.07369036827924
13.326376474953335,7.703651756685014,1,482.53573892633045
6.908316351851607,9.613258922789019,1,521.0364163175323
10.981492369118177,19.26606868640844,2,457.16194563614135
3.461310694546963,15.687628257686102,6,458.1314494987402
10.20697790864181,6.882233363607193,2,492.6399465379863
7.7149832863413526,13.825948173837773,2,508.22810231320716
11.63398875502569,18.177644694164456,3,470.86362026283626
6.677372864559963,8.257774292599283,2,470.66739525443165
14.173833365141288,12.040922520229557,4,495.7991385451023
8.349870379971433,12.129529726779108,3,491.06055510855987
8.975117480042886,12.99785651220613,1,475.1738776155826
10.393728164635059,11.775047137701513,1,475.9851677816395
13.705117137565825,7.186638727393358,3,497.94464696447756
8.349624229007597,14.813523426814124,4,478.3965707488302
12.539596868073021,14.320678176042483,5,469.1212198113457
9.37064117740158,10.954435199992002,2,489.34575715486017
12.888326969543588,17.256172975145326,6,469.0351688263715
3.046526063372189,18.723738501170182,2,491.25866150383547
10.410574688532959,8.357581666277342,1,488.7264634090173
3.3400110974305015,9.170444006564164,5,456.5377138700091
3.87981676366019,9.709415719076183,5,460.0280827372945
14.491238799724346,15.224030828075612,6,501.7118710551231
14.568830423614944,12.254213048804676,2,510.71637650795856
14.956902573010026,10.516860222152742,4,502.0224232049033
10.151222308863352,12.961855765549167,5,486.6095444356522
8.714196867290044,19.291499023774993,3,489.3071223263761
11.068780639888963,9.457056080866153,2,496.0626594666578
8.523139554129152,15.431157373290004,3,506.21884542117675
2.2965608128127255,8.201135348758635,4,433.090592821325
8.352684520867133,13.856307281068405,1,484.2756223344031
11.825084266506103,16.507381323835787,1,529.5108453789684
10.353694200478401,13.163649636882916,2,467.79396717820475
7.33816750845812,18.702848751472903,3,492.6824774749559
5.012256752408135,13.712914516451725,3,487.5446834825696
11.510395284658008,19.136214497699974,3,488.12245244450827
11.731660759045672,12.761423801057436,5,475.2843808051859
13.181848098527496,17.75348325867619,2,459.45260507520976
9.756515631756217,18.834319871708008,3,484.419811518686
10.66911926066817,7.017622422126211,2,504.63238368086616
4.153841491534088,13.33905171769988,2,468.62624080135237
12.783511301201058,6.1870162707764464,6,473.3899354929538
11.183462729353462,7.0906296813876875,1,495.82096723667223
11.309156448792445,8.203560105433592,2,478.138988521721
14.798397608100084,7.315191680306156,2,494.8169398771334
13.083101374419677,17.074413547042145,6,476.0263152771754
9.148103891558831,8.819539192973771,2,486.6193637507861
13.940552250015458,9.991044756055777,3,491.53698645091487
3.0976118812949673,14.58949541492085,2,479.5254065317689
7.27789430125738,17.509338064985464,2,468.8071707553922
11.272682466989561,14.031311706598421,6,467.9086895786653
9.657568577575038,6.820531826013461,2,469.6959767883721
3.923362473078395,6.321450794909238,2,475.23465358530933
10.224874801504754,13.96914874731428,1,492.70317675326874
6.662331039365231,18.874329642732285,3,493.17117050992147
2.4211280849449133,15.206401423063438,2,469.4366284642795
4.524632071292093,19.10090115973378,6,498.734989531278
6.497940854528093,16.84606082335442,2,476.6211659455802
9.226982415569562,11.054640940210561,2,484.3281526897767
2.4397172662507183,16.628780546716186,2,438.9468078320107
9.751879272713445,14.94476008693259,4,478.72492327520945
10.139120616156786,15.333200202207673,3,489.1080149512667
12.142158150432852,17.097983268116327,2,460.3840787359161
9.112543464864814,11.015209638800862,5,477.28873419179763
3.1634456697367055,13.449706253468237,5,456.1089551635319
6.973617743541995,14.463393063676946,5,490.0695912117233
12.150897117671988,13.057316945535844,5,489.8361935949741
2.410520149712387,11.50641806213715,4,450.81325315153623
2.6166938605383865,10.545942382198277,3,466.60124816601933
5.319999324545598,8.862246830420066,4,465.12532513366466
10.379928359286344,17.3535051008107,1,512.8092524268772
2.707867337351373,16.41492569740319,6,442.2624401361025
6.917565302708878,9.255564919956706,5,463.6102333607397
6.523762240271668,11.99277696450657,1,509.63390573840906
4.8011350357681,14.64191809323671,6,470.9501197019908
7.261506857984156,5.275014688953139,2,494.4346075775273
8.300178172395416,16.01677687476731,1,504.9088978680896
13.747745446152049,7.986209549680795,1,479.1363958825802
7.747097690600891,6.385274413120747,6,467.1886748946155
10.09983393296586,14.385033237188033,3,495.74406174311736
4.462454337531936,9.445892441482972,2,475.17357024036914
2.4243016012720577,6.08614106608295,4,423.587945192861
14.796671562016133,19.17868555983645,6,484.4719539326847
3.6268998232920233,6.539268431627146,3,461.62784480629324
6.7538434241313405,7.199752177746539,1,503.0623856172072
4.077174748767131,8.862166285222077,1,489.0131220453837
14.439792338138927,19.1701111134164,1,461.18711117013845
13.472137285385273,17.360329492790253,5,483.99184197737276
14.493436719999211,7.909856123516071,4,479.75457365131166
3.55229582192385,14.57466340830599,5,473.25551289298085
3.7943298229739533,13.025982320393778,6,453.058447220436
5.018962629131675,7.3332297390579235,2,480.8005905473152
4.48642447832991,8.028296425531401,5,450.6520370141566
7.810189069175669,6.0864499378369,1,517.3842107841165
13.238084089179244,5.3471091500784205,2,494.0484826091445
12.72866711855666,16.196957004126915,2,470.3304841944344
13.660645418232683,14.756917215985549,1,463.0899833057655
7.788853340689184,18.103732667814334,3,501.45461783482824
3.628235016254872,18.562438760853098,4,471.586151037073
5.715558853275462,15.106834625150618,6,470.05156235526175
5.938042995352472,6.876662404381905,6,451.5066703208815
10.70989303950667,11.173770746701134,2,509.5558879371722
5.417056509438005,7.692256025493489,4,465.0144909710294
14.178982970691523,12.739308268177247,3,486.61251455792564
2.2538398274046414,7.217564095974703,5,400.7762605087858
2.5704783940436213,8.587246582991664,1,483.1317868494175
7.687129993689943,15.133234885459318,1,513.9892852228426
9.649238043326303,15.038605039646459,1,480.8316032704217
3.799538829600753,5.239587073874433,6,423.53689305528087
7.339052409043895,18.98428797225025,2,481.6488483245171
9.959868557720977,5.107572733472618,5,462.47902535264984
5.548112503828827,19.482279840895686,1,512.0149381350072
6.377239288444875,10.077784254715976,5,480.5423925790246
9.934553431301214,7.125320637306132,2,484.28824212721923
4.747508490269123,15.763616196203639,1,497.3454494914376
11.460597391948262,10.576817329915139,1,485.2340309950273
13.971361294311892,10.96092617339537,2,491.0323126806056
7.979939233972343,11.241877655693376,1,515.8805448065492
12.109186842133425,9.10958428884207,4,464.0872721352108
12.740680559028618,9.256373113146577,6,487.77153630870407
14.792162805629827,10.54995379596367,6,477.26816448537534
5.783962929135706,8.241243084656546,1,499.86641338633314
2.001996832610251,12.121669995602513,1,485.9427945958777
2.461378445369234,14.553386708680506,1,476.06594816396233
8.219277417924495,10.893159146469493,2,481.58547097461195
8.987573249795247,19.53204623709496,5,478.99135730663727
11.828325911215519,15.311567582848456,2,502.5402272569105
3.6096119902658854,9.77164890698845,5,465.186719870036
11.546410554718623,18.19888795905095,5,481.38181606089614
12.622141007539721,6.07173752190792,5,485.02754934479407
5.615654435549025,9.849528239904316,4,467.41188297022455
5.8575676081491626,11.979495627842294,5,477.6421008847316
12.1670857319482,7.138189811199744,3,489.7247791211791
6.782996325580905,17.59286531907184,1,449.5230154568413
14.989826808228127,10.43856998382734,4,495.8534465394209
2.3636979253201096,7.981490179171098,1,474.17853675469337
9.862441889557848,9.316306320814295,6,466.3553831914465
8.714306566078871,12.164000081263836,3,502.3435007682382
10.043892820226702,15.75253323996666,6,491.29066734376397
8.158544158605643,19.34377707893706,6,487.91095165552383
7.093991133413243,13.80386038225129,4,481.7721273622433
11.386354016398094,10.803623015830077,1,517.1940457523208
12.595682952732526,9.204895976185039,3,486.7200418058489
10.115722456944383,5.64723335709827,2,490.42603344431797
7.6259039103788755,14.890549913548092,6,466.23854967447886
3.1858506414022774,13.299873006787772,3,468.9724628209082
5.1648873861996485,8.579598184197994,4,471.8270901124564
4.250912942874576,7.70226387512186,4,476.4025926365631
4.742017752193364,8.613859502882812,1,474.65812620399186
8.599291331143384,17.231159614151963,3,495.4519938770947
13.29654890077399,18.787403656090945,3,472.74136341111546
5.054558471685578,19.860690149243396,6,477.28562085646547
7.258280483406579,11.418844967579734,5,465.86245474270163
3.7997828653885257,10.070680376277199,2,473.1829562706093
7.054450955309213,14.651621272494921,4,481.73462805536957
8.86447746292641,8.077898144961999,3,480.9890884201826
11.11660525171123,12.528810835579796,4,458.3890463529457
3.5175566653011616,14.32267202281871,2,459.2262002780816
14.497690331265284,11.517305786926784,4,483.7710974701718
10.450810862832897,7.997058173394331,2,493.6700817293386
5.497391696395397,7.826026101112712,5,468.87773562719536
7.124606471614721,10.9396303601563,4,477.16156207879726
6.8553630992485,8.908142170125217,1,496.05305828373344
3.670896254714653,9.571427213576165,1,503.55860018404996
3.6843949652177903,7.955343264746,1,474.9499807345211
6.706547101283123,18.63298864192889,4,477.3809010766527
8.384468007656864,18.09044253393767,4,488.16729220176575
11.226064364861944,7.500324556363912,4,475.51842137826605
3.5296871659088067,14.474522229525212,4,479.53322636893205
7.144993437253782,12.104700521930056,1,477.8556057960482
6.2838982945682496,11.913129989670274,1,473.1218053917012
10.739270650491713,6.132360815210951,6,479.8524550322697
14.564215463785938,8.79152112500734,3,478.7637395117801
12.533734707861466,13.638049893686421,4,495.5159202801348
7.084004847088024,17.98961895820079,5,463.09891620682754
5.614981752797435,13.491789142325384,5,480.06369992902313
9.715835215004052,17.723395619588835,4,483.375029055284
5.417807161335636,11.200820921683707,1,457.5700771559246
8.260510946913952,13.46644205914824,2,485.2449346668952
2.8887590713961124,5.8904757890518535,4,434.298150397947
7.536307214931446,6.451156720692477,4,473.374761809309
3.031908164910848,8.854196471875678,6,450.9090006062446
8.844559800990641,17.76621860384259,6,464.09207523302143
5.390083422283856,16.96007862693768,3,503.3096487583199
2.621187093174341,8.831653877880658,1,502.9293563780482
14.104688258555674,10.790077115734203,1,464.16837756608385
14.719801110869843,5.174029122990139,2,498.08226855855673
2.650910166238864,11.496408752136269,6,430.67332932376337
11.239416415409195,7.844642198153875,6,477.4225272858395
3.8359552796932617,6.061093562963943,2,479.7150002655838
6.066108855881289,8.05667880540164,1,492.83255284921074
7.314391328906032,19.226564309686992,4,476.42211601569676
7.273275335154159,19.395319549065434,6,468.68045605424186
4.038248711292156,10.219386654736791,6,462.7137021169807
3.494440439938118,7.557217170687946,4,453.3704176987791
8.883332921627982,12.684342904158884,6,483.2030966180407
10.567500004638484,8.26531410455687,3,491.75760686533187
5.63941785792368,12.477998626184627,6,478.67678561821896
11.049452274747797,16.405080723922442,3,465.58329369117337
14.418368245695337,18.60994128115952,6,473.75839507098823
12.384289562344549,17.65342389000834,6,492.5105075646305
14.932130278761269,6.113218662898813,1,466.59789556666607
2.8708978093675572,15.846283686321305,3,480.12343952672893
7.380068648797386,14.343938503303248,3,460.568324944688
12.085232412088084,11.820189186298208,2,479.4702959712525
7.208860482735802,8.71159539343907,4,478.016273003622
11.742199115404082,9.85488376657387,3,491.7909548573221
10.832207916529375,8.914262767866521,6,482.7613071555191
2.254242151528639,13.26162114980421,6,440.42887418766605
12.7696243603302,10.40002971246848,6,466.71564755457354
7.724287589236716,7.5279932893129855,1,491.3285961721975
11.078943399535836,11.123036849781677,2,486.5973257400301
8.569417834410014,6.465504393711784,5,470.3762660709797
7.321425782109579,10.836603179559946,5,478.88115515696524
4.0026423388741135,18.42045152469492,6,480.5896359528063
6.203966520379589,8.061227122669772,4,467.3893379415998
5.240111065913986,15.250369574433261,5,469.1436088406507
11.16362175680867,9.550538653865456,4,477.28190456612106
12.069703874019465,14.336409374980647,3,478.5071300446683
12.406206710030325,14.026433798457889,4,472.97311654376693
10.135408967979085,8.274513121450369,3,474.407725785142
3.2783966761152565,13.192696065390278,1,524.9029446826889
6.581047802327266,9.844412250691708,1,496.71867430085985
10.21454658101016,16.916580732685844,3,482.1986817508689
13.73941040611509,5.811698931651358,4,488.3511935999117
11.945540164929204,19.46817392367752,1,447.7694443387539
7.922396515928079,17.160091193432944,3,471.7476233274616
2.644787148730578,11.870625755300473,3,469.83337968114597
5.444920628265444,17.068582034331616,6,463.8721740884015
8.03512194668106,18.182018021125593,4,481.84675248770947
14.241154795330615,8.187675588159316,6,484.0592410437728
10.076063492076933,7.556127081847029,2,488.7949921859591
14.1321553179495,13.077075180356795,1,497.3524505661265
11.448809564471741,10.940435617150198,4,478.4686239077472
9.791589143405126,18.182597910761263,4,494.90345368792424
7.946106891064037,13.838086877223379,6,480.55877640004155
10.050094089484766,16.11078588944558,5,485.22627700647917
10.908346681897536,5.203403774100727,6,477.43012623649815
4.502386127133545,5.642506325114333,3,462.2310300867741
8.079709351351571,14.10261305734705,5,488.3451615879111
10.848857960958059,17.789552714969446,5,493.7517955242114
11.389438484521618,5.549863750304587,5,489.528774015386
7.771766945945785,9.22797577790755,5,478.82122491204444
8.085357889154727,15.294769101409623,1,488.0159251563147
14.258907311389535,11.576992339841704,6,476.8841313726064
5.417889910969121,8.849403781101909,3,455.66745193982865
12.995329515658284,15.447681749335436,3,491.51378279566444
7.08231249132927,11.853422938413694,2,487.3899710605261
8.343076306897157,18.53095130907547,2,475.4454614748503
13.243193816139184,13.617597140480155,4,487.8987599954696
7.158233535702539,9.233481064672016,5,476.44556574404527
4.021870469337564,11.472962897108008,6,469.09598236586356
10.811120536164607,9.624803818263004,1,505.61272456439883
7.243126506401499,12.725677027433887,5,470.3678216076929
4.075593823294878,17.145974785219234,3,464.95365354088705
12.454049532586719,12.241918518926907,4,503.4552840323665
6.1255156305508915,19.95491603700037,1,460.40089505224125
8.309168464138427,9.576402464651224,2,472.615240190297
3.635960294955019,14.724011527135541,6,449.2202839147345
14.205151928932437,12.219225892683651,5,469.58973174170455
7.614634925069374,15.128684479600349,4,496.8110778992297
2.729798102767808,16.78319947462721,6,448.95492069911757
4.392569164692896,14.805448532934312,3,461.1369307436421
3.430256983337419,15.275857999709196,4,470.14310483686717
10.49065494166557,6.45741518055757,1,487.2294429263231
6.777778080370941,16.764394999724317,3,464.2973341530817
12.051216287047636,17.420689531915755,5,479.7650580234122
7.8617810125595335,9.207103367459688,3,496.5966446460908
13.03733412240257,5.960497248281599,2,481.13059514480034
14.809079676807004,16.781963868418394,2,505.57784132717666
10.170159853178674,10.34476042977791,2,472.8723021225911
6.977679357926447,9.303185224801782,2,480.7219562763337
12.597513967102598,8.17083502706392,3,490.3804379772645
11.623182076857198,11.282944432061027,6,493.8198946689163
11.295877036244791,17.146803732685548,1,463.89902089828684
11.232967282280342,11.501334352419283,6,484.9151874596851
6.536571938327513,12.753432741554374,6,482.64422952728575
10.125802464765753,15.13205191851614,1,460.38141453339097
11.07786934163825,16.118247315850695,2,489.57983735814173
12.883036977815465,18.33185965905018,1,490.87938683554086
9.060250639412047,18.435936141914794,6,474.67035082804784
12.565258359435786,18.939568348800314,4,493.52641117026985
6.510986878782772,7.7214783838988055,1,498.5345091022334
9.003366569491048,10.708728669435995,1,526.7535284848226
10.792880216639224,12.648989084336133,1,491.54252561775075
5.670581631031092,14.064815530169671,2,472.7657320596254
6.513593270742649,12.16998169459248,4,474.3068668729186
8.018724843410578,17.012309006063084,5,467.08720265445714
7.245901541749057,16.647522436651293,5,484.58348857321454
5.357968245219116,17.444851720894086,2,475.4154589957189
10.147672385282181,14.081587991996642,3,477.1844404385735
14.042185067719348,19.814456244772767,5,475.9442619205816
5.350652920806684,9.813708970469214,6,460.61585265421496
6.3178336175940295,10.54114861326956,6,471.17144523376817
5.860761894812287,17.230586578690165,3,496.50793735070386
3.5693001262102553,6.384429254164937,2,476.4164036065429
8.313756261687239,18.758885308542105,2,470.54826240656064
13.491397004883009,8.653784560714833,1,487.5872883183422
10.56184242539555,11.944188783697921,4,502.01872291812316
2.2785384948358294,5.844491491719936,5,395.12888807442573
9.875209054298939,11.240492238914388,3,478.4119901120723
2.677211024121803,15.407413608840427,2,495.6372621771537
3.069793612904702,10.372332029407655,3,451.81307828547995
11.593984601302024,5.446760340490706,4,492.62119836827287
3.8574270103838226,6.7190398846145785,1,497.6638538915787
7.825372399434068,10.353906080398009,4,477.94469673771107
2.2319272353503727,9.961379286466547,1,495.8426089144758
3.670790290308929,9.477348230573433,5,449.7989171500375
13.548633216955302,8.864895036130935,2,475.2245137075769
7.160313988408898,14.628256108780786,4,495.2403281268207
5.118459888377422,13.22594806651454,2,524.7745081487766
9.702596896889176,6.360692901984885,6,475.846442431799
7.970200117725262,5.232416969073718,3,489.24858928228235
9.31299900587311,16.4019320860223,3,481.2924748274129
5.09561514541029,10.384485125144343,2,468.29114222847994
6.1738443320735055,13.176173807421138,4,464.848246001384
6.870711774625106,9.88607256288731,1,488.3504821186812
6.828507110865962,5.319925804015107,3,474.3269688022502
2.803893292767878,8.71832880939291,4,450.4626101430415
7.477127845375804,8.435912846661765,3,478.78284810304115
12.5296128941918,8.016336312368852,3,497.4036028739393
9.294162083622751,14.435105898240659,3,492.2505498257028
8.469954212872125,15.828756850571828,1,487.9676293509453
4.7823193479242265,11.595231432660992,3,470.9554676900995
14.617243333280818,15.03094422130481,3,514.0243685228094
14.47951862684423,18.183628714664696,3,467.8287313953756
14.162898515350362,6.994449538834779,5,483.8035461623894
8.374122387152713,9.28891522588311,2,475.39759021102793
3.0166738011705454,19.782778774474515,5,464.26479672291464
5.896904682679768,6.526348103334841,4,480.7192647932896
7.3616164508483815,8.522730630521151,5,478.4087953614543
14.43195506658122,6.474642808557422,3,485.7067694498433
12.793697655935459,9.969853346407646,6,490.34838428685794
4.5644470416196565,9.510963644550342,2,474.99372742724063
10.315045325830665,15.340381910333567,1,482.28830284770197
11.778681855132252,14.212660575910618,3,492.4850978418112
6.741982943441348,15.62339469529736,3,484.8574996349121
12.374636574550498,19.739948190092434,6,486.59929312960674
14.821688568180354,16.89777827136801,2,494.67404634653195
2.6719600561259003,9.272359363384417,1,489.4549250193599
8.839072512863964,8.973741007162204,4,473.23031496999346
11.123324346060443,9.919284833830712,4,473.18344874274015
11.449868246973512,15.138684171523522,1,504.38801180395967
6.116611290582997,6.37581749252188,6,463.0917649714123
5.840362186414893,7.5379446736509035,1,483.86909804926046
10.467232183536137,5.462706446511325,4,487.0914139944678
10.39938136224815,19.210047354248573,1,476.7694863856995
9.23151546584088,9.058584382216115,3,479.46466041847157
3.4849485695363733,6.518920839607269,4,447.43010163423975
5.9005736601245715,11.254356971842725,6,453.4873339877611
8.62719890073277,6.888577207718782,6,481.3274592823724
13.082006203894808,8.436520092144626,6,474.0253155767353
7.965958617115096,7.18617137021184,4,476.43619270266265
6.9736538627409885,18.451747729401067,6,465.81525264749604
9.696461059687195,7.105227192518105,3,479.62564794742394
14.058458712647877,6.927565862366558,2,468.4490612636122
9.650190272904819,14.288099909093175,2,467.68971448976754
7.109799156207781,16.26089931320246,6,478.284684765724
3.2290794489904364,9.340591707060392,1,501.88160035536015
7.8653234427914684,17.19099452663713,5,489.40681209938253
2.7721357187116404,11.790142787572977,4,462.3677621352841
4.0692139003114995,16.755845833235334,4,470.6081993959797
3.976856843276976,5.512335823001514,2,483.28191070434406
7.309093168298191,18.233971405291385,6,484.1348588412005
3.5199252532324943,9.245632054083114,4,465.07122219076706
13.50600961170677,5.233420584760162,2,497.70560826282264
11.276564580825486,14.620603245407086,6,498.7172155987691
6.218626205896454,17.7154286716949,3,471.93577731575215
11.567158686093233,10.983272444957414,4,473.83083422457577
11.524146049200215,15.024972818215868,2,481.6132476073781
3.396386284010982,10.308758667472269,1,473.58743503964473
2.553325493257356,8.18468964015885,4,446.66771424978793
11.85250751591776,11.840390894242276,2,489.1257183034031
8.815118810188597,5.619824858071242,6,458.9994169713419
13.907230692527484,6.417742550300465,1,479.6946932184457
4.8618096887571305,14.694843452839411,6,468.1995274193898
11.829881885071352,7.158812743897235,2,504.004380794255
14.438450913203116,19.823071419912008,3,481.0304787371909
14.72814173379447,12.190263819448319,5,495.940807653503
4.986296579204917,13.765888072002962,4,475.40929484364267
11.046427018292777,18.941725612543443,1,476.44624175047494
2.1462631464144417,8.108358702466878,3,456.3494606392824
3.1013414820601115,10.752052227253916,2,487.42214848777013
4.21603449430396,11.135767746879099,6,449.9075066195045
11.16395874526061,15.801812277621247,4,473.40250798602546
12.349122935129097,7.843543437222993,2,517.2256862489786
11.712051520361456,9.792456583528853,1,492.1215085040588
11.145290106805918,8.104018128595179,1,522.3166757351946
10.816280846595665,12.017851627653346,5,497.8697442065015
10.3752734992764,16.234107887684665,3,482.5459114239247
13.46441247923109,7.44083143242849,1,520.4604310033013
13.128257795988066,6.398422195983117,5,487.6333751339834
3.2012913596814903,12.65520491924806,3,487.7099081801174
6.934059872230152,15.11441172919124,6,473.0157337192563
10.27714658668532,10.135009381801577,4,481.1860379595493
3.3741093240084936,14.927373997559688,6,452.4327093768808
4.022918481651206,10.529880311822456,3,475.43754154385
5.263477120119443,15.032106213745337,3,475.90396507961316
9.505672951562474,8.65858868162185,6,468.22447849354074
5.152599716236855,15.151616884537932,3,500.75728770037136
14.87059201855615,14.42705681707638,3,487.04694756299546
8.6068179852763,5.344096163646022,5,460.7701327887971
8.729583558002783,9.59736682838176,4,485.3595283820396
14.336968164971246,17.50202776712092,5,479.8222255954139
14.143295545854603,13.39718689374816,4,483.6290840445547
13.666272360760853,13.441367959145204,6,481.113401059802
12.161914150794598,14.880998174587114,5,484.3281909921943
8.93022750715576,5.205358349810459,2,480.14030820025164
13.313161189040773,13.445536839374467,3,497.75061776622096
7.178205564201878,15.391744270918634,1,470.1053509717389
3.956297467890741,18.56948231753432,5,460.0942221274244
13.89093996204156,8.940696575930165,2,482.0943758570036
11.132149905481706,19.268544404655955,3,470.4655799678259
4.578108116389895,9.005834063543759,3,473.35212473535955
11.540616326146703,18.25413977175227,5,475.565165208514
14.992945672996695,5.0353118460748405,6,472.2641330964797
3.1635589986431087,10.816654960679207,3,481.29428544059687
7.103447912181626,7.9878411458073195,1,474.2402188059583
12.783019950087876,11.18424770454179,4,490.84140996342614
5.427215516271119,16.734539455419252,3,487.23405975952767
6.0681600589062805,17.812922937896975,6,475.3705205148248
5.413677656616667,19.0991443449357,6,483.11544749909604
14.471940032552908,13.632944854097111,3,498.9422577149009
9.295763581426929,7.833628596148209,6,475.60522497443407
3.013774420669982,10.094810880435485,3,469.4452920144722
10.781370508994021,18.22689319476696,6,481.10574285985564
11.677019351250426,5.9670601062103605,3,484.34309417784
9.366995665771734,7.636945908126766,3,484.74235378495916
7.568811636031757,17.559242288382453,1,491.68692251976086
6.918579200481362,10.309870760247376,5,462.14345249943943
3.2866961560417307,6.721959177509746,4,449.3944128224879
6.435875117658265,12.423256858765601,4,479.1320604051898
13.905655545374874,7.310482065317038,1,476.0352995499905
12.568941991261076,14.492455847127244,2,472.5789084653912
14.602973548972916,17.551733690424182,5,486.02291762026624
8.44033725514697,10.739556721004835,3,481.4370333366456
4.971595880938659,16.4428830763917,4,476.3503199348854
14.828559869755527,18.27293871578598,1,463.3952927836576
11.451784146893194,5.915609321016643,4,487.13873563202503
12.951140590816811,6.979475101202414,6,473.54951158241477
3.7615212494316737,13.783363612114139,4,472.9104179648573
14.965662879994685,19.259156321605644,4,445.6915237281971
2.9702961843391398,14.978119108283604,5,471.56454821349513
6.558657852539629,10.713266811609431,6,469.47912815198663
4.408102050755147,11.833924995705182,5,473.3677504742179
6.687558444108266,5.2667718785209505,6,462.34965601310364
3.448951231891446,15.183139233683384,3,481.40374753597524
8.287482128760807,17.068076175957977,4,476.29378371559346
3.4633238296372113,7.178243776610115,1,489.0715157424539
6.112724350379831,10.63686733615354,5,473.8238637648242
5.632719376587203,14.301907362643941,2,482.4213914336847
3.8533111757069056,15.06795096104833,6,471.81708673614963
10.900393942018574,14.739396930156737,1,501.8447313647762
7.016609281667838,19.552628621674792,2,487.30738065496064
6.426780585797576,14.213826437516257,4,478.9076396618055
8.67188371951673,6.636060034437641,4,482.85000049503907
12.213630136106385,15.389717178474823,2,478.14898846165283
9.28126703854697,9.899143876995558,3,511.94378915740003
12.052477437283452,7.132526845006504,6,476.22272415454364
3.470934491680808,19.73711316870418,5,487.7811954145905
3.6008670201201745,18.829144392011145,2,529.7711105828072
4.247515075105051,16.506714732830787,6,475.7914061207888
10.799043581214882,15.479683882783345,2,511.4064184852498
12.417324256584296,8.695568315017074,4,489.6069391584829
13.721912482333334,5.057177698898711,4,478.95635320705105
10.097436630983236,10.842424278736239,1,466.06635830159456
3.566259536133826,10.12151603782373,2,473.88456481201547
2.675225755272815,5.810094527909234,2,485.9285692395744
6.986562261339079,5.585487270695636,3,487.3952383849898
14.16113295093414,14.084837204581246,6,485.8591828760496
9.240193360602358,14.032730500047203,5,488.5130763416911
12.521941817095891,14.411470483113625,2,505.1347638798499
10.015283626054934,15.026725754937585,5,470.84103060198026
11.54291371817343,13.665286299312033,6,484.03116306069893
11.8256348685726,5.956223303286621,5,462.72287090834044
5.3078420820008345,5.411679840043536,5,453.8095631931585
10.551218505437294,11.347839689134831,1,496.64310774143513
12.215750786113453,10.034132963641747,6,483.42302437387474
4.759350664754223,16.599226587551804,3,489.02281753058975
13.587970282068582,15.464715228902781,5,480.063936531225
9.573702193446572,11.451608218211822,1,497.3984409742602
4.920259455982908,17.066344786089516,3,499.5032082370207
12.970291720213304,6.521357068373035,4,478.9876724385728
4.392028269757656,17.63423798965287,6,458.301369473514
3.7738319472722397,14.771738523456222,1,471.07227256053983
12.666467411423369,8.71405469629471,4,495.9651164862566
6.176601025472249,17.380621316368718,6,483.1871744591518
13.960541491305234,9.64391543956,6,490.82988268429733
4.723795378512325,8.080798599378383,2,461.1467816395552
12.842150707417723,19.69557226118612,3,502.2851614895735
6.649772014048362,17.828721096114794,2,466.346294193713
2.81446113778284,13.91011533832529,3,482.4757667929192
2.1042936674845905,6.061094247873234,1,486.9378443945973
8.151765786672005,10.408430022815317,3,476.07235270087733
2.822064652591558,5.3894117769168535,4,433.96429111446
14.215388339239963,19.775139919701203,3,490.440339548116
11.313316213522263,18.21178704889401,2,510.1461560772644
5.086431817549126,9.695774995082242,6,465.3452203788307
10.385503635260191,9.31510818591798,3,477.27007738525884
10.891933159298189,17.986838001094746,2,489.30909773605055
13.16550318620704,12.957104489227234,5,480.2816981428497
2.1947548809240267,5.938360047241286,5,401.29573220124854
8.814637087553297,19.71330327993876,2,482.7927588174844
10.438410074933897,18.201474069582684,6,496.14465791674047
12.51625721100852,7.788749052094965,6,477.927521391998
5.49710563180159,18.22339044567825,4,481.41580588616415
11.434754301145855,13.124977367375909,6,487.6867423199029
9.167467227058705,16.57265406064218,3,491.13156912921374
4.3780092424106964,8.072080587867124,2,482.510247376185
9.9652004174823,9.547396564360298,1,470.089291908146
11.40809609831787,15.940838641204039,6,474.11374313093063
4.5410494248778015,9.461421246146777,1,486.40779049404426
11.179663102221571,8.243299429328749,2,514.9827891084354
6.691750916289936,7.988304776287065,1,473.1154844472449
8.59839500499385,6.511807967428345,2,503.87288217587604
5.807385922565311,10.480868842773486,6,466.8261318226727
14.259243843042753,9.671778665958204,4,481.15186751536834
11.417841590397035,8.447702520628617,3,478.5004192413524
7.3832825477844315,18.53346375878857,1,480.09277589542785
8.300342040988326,18.39676012631547,3,502.2257596318477
11.13556434403823,8.820888781820727,6,477.4319198400275
13.27995528713193,6.14143166655242,3,492.7764131215815
4.543600049991969,6.524142474989998,4,455.7736690670269
12.142917380458991,15.361065835605661,6,477.15160785162504
3.6152042867207634,15.898050536553054,4,468.7707255921936
2.216945933022543,7.593054267482753,2,467.97875322736746
12.423707992938377,12.374785027042396,3,507.98433148343656
9.20471070457182,9.186137678370507,1,477.4946628167646
2.6076791320208264,12.006934604962414,2,492.73741742010975
10.713398719111073,13.18040493264673,6,480.98733027743606
12.407324186530026,9.064569468038838,6,487.93530598532755
12.38495873579168,9.72996947514121,6,484.79125392606807
10.940282326301338,19.258887338036462,6,483.4894963881892
14.96069170202652,9.535637708333642,4,484.78467463130784
14.764074084063713,8.980529206092728,1,477.784708967933
2.5563236540509626,7.668090613137689,3,470.7192346742677
8.227733594969234,17.079603709492268,5,497.6540793270714
10.329143425915527,8.493240255741826,2,467.5172527985332
9.812026333909426,19.914362587671683,3,493.0536661090746
12.656637211290954,5.49594640455764,4,475.66043557977065
3.6072647101346873,15.895736528661988,6,457.2573868760873
13.669480259660503,11.275032316790151,6,486.81353179296474
9.75736922652982,19.131952363561446,4,503.1143688623639
13.903302024868047,6.141419966568977,2,487.7674476486492
2.0966491401803826,8.46634906267077,2,465.56657259308736
11.466465334259162,9.231239787715147,1,487.8497923794057
8.588211335858304,15.903378905498517,6,455.9224238737937
14.903116412283609,10.875302825603157,2,500.97261435876703
11.030971097776115,12.914082248736598,2,484.3166293780437
12.008466794217565,6.445240681384995,2,489.7390333158976
9.677665852323663,6.385767486632236,3,476.8103030340425
2.2778164826807714,7.93932102331304,6,421.1664615193017
7.757638568224313,12.238655794344396,4,474.66278977255587
9.522682991780789,12.438504054015661,6,492.12006921481253
12.857558140907438,9.984876263466287,1,504.42069612845205
13.625682570897796,5.352813247361671,2,480.1393256492406
14.91038241631209,10.518045451731265,2,490.2462955591669
13.26170814367135,9.15740801290254,5,486.00673685208716
14.358501523680784,16.95540143627239,5,481.5833249859513
9.529739524416557,8.88131357510867,1,479.82033198616824
2.3036790369617828,9.977299832336305,2,494.274208365237
3.3402906565571753,10.191931741686577,1,481.1962108926131
9.900889236399943,12.398946134395992,1,485.33342162404165
14.648119561915992,10.67102139061316,5,477.25010485517794
5.514608151875889,12.897383416609507,6,465.7741868365389
6.789366189374155,6.820342390107687,2,489.97729148993534
6.0424937033308845,12.084020283909087,1,484.7712633415383
6.495142070682048,16.442399687686148,5,468.18662370106665
2.6226741614237765,18.518933582245282,2,479.51419031547164
6.610082903719158,17.35857468915,5,476.97830971996007
11.117234896277466,17.12846560817149,5,482.8290937995294
2.0656724939965354,13.924466015733111,5,451.5064599088104
4.135346024169088,15.534247706624564,5,479.94354933180296
6.851327861646285,10.804313145585725,1,478.7014103689829
12.895779802069935,16.33684071443148,4,479.97162058684705
6.513200098821977,7.230560744359355,5,468.32870386232105
10.03160338295896,6.975487173945751,5,477.0998883919434
2.469681315792103,13.3071613845002,2,482.93259123437707
14.52639479213656,5.072258294403897,5,486.4378040913979
6.496190477925434,6.607094192287654,5,474.36013767145033
4.342164401327124,9.10209440733612,2,462.98639245747677
9.795669492602803,14.525867927604882,4,494.0369387661596
6.887957782576742,8.004836275417809,4,481.7837573693875
11.561669263088275,15.216729050881277,1,417.1235543565039
3.8668609922571773,12.638536161017466,2,479.4897812220929
9.76444197333605,14.593147240836382,1,508.1124525327586
9.040468579078102,6.994596616310542,1,501.878976501536
2.026566226946744,6.062564947208791,5,400.24501127705855
7.203781162867963,16.848187076302636,3,509.4037668668052
3.2825099906793707,5.603663763812038,4,457.0000688125089
8.572028692202466,8.238532339076405,1,484.38998241717445
5.6333856458244735,5.362256441294266,3,466.13772117745145
7.47333302454137,17.386278805046594,5,471.87437289732793
11.972477146836756,5.581531452418639,3,489.07750752064095
5.709355394429421,8.774327027377812,2,505.8552074811118
11.569099153597437,12.742402169888937,4,450.7197482886784
8.327668662963164,17.339450916954377,6,469.8964824455202
10.937639766610467,9.59716114302112,6,480.0030147332749
14.439940965461709,11.930246873298266,2,514.9563376865434
5.768901197034196,15.839262834162701,4,494.6473898601026
5.312049299149214,15.474658842679508,6,460.32885474059094
6.692510176790764,5.547302956222887,1,490.37324902310615
8.468113729118484,6.881624394347509,3,495.92621839100786
3.203982415932205,6.588544694148684,4,451.2252705694757
3.934052075254244,10.274892497601234,1,540.0082967979808
13.405634639817427,18.926391240701555,2,471.0133253067619
14.741298936416134,12.893651525619816,5,482.89613089837326
10.097177123580092,15.041230330492217,2,507.9645718221192
5.513413561236065,8.669962638199202,2,490.7730821824975
4.622427341300128,5.709584934405191,2,483.59759576584366
14.155677480337294,17.15060640602298,1,509.6889132952592
2.4644626686647775,8.618659795229288,3,445.8396488280402
9.606814602077417,13.715430300930342,2,481.8879081099251
11.733917786704685,7.649885300591036,3,486.190521327439
10.094888942422493,8.682266191632484,3,493.4319048087901
12.252089627175486,14.830150186168764,6,483.207697243091
13.622903801395553,13.353852674802605,3,495.190961864346
13.052956875407931,11.064153966613487,1,507.65855779280736
10.345745101045322,9.803266482710692,3,477.29845569495706
3.671500142992991,9.13484681517367,4,478.7375229848314
14.49653979855654,11.22016579054015,1,474.2318857953023
4.77244264868573,10.519847224433693,3,491.1020168466951
9.46221036387448,10.437513359623551,3,473.83977683145037
4.928279411371797,18.437977124326693,2,506.12553529615246
9.902689158136369,17.537097761552346,2,486.501616020797
14.061347146702147,10.754811852901629,1,505.67707263435483
5.923661181417829,11.037564718219148,5,483.85900146638517
5.143544509629117,19.870849363549645,3,503.36818762988736
11.479658203721842,11.792344330973064,3,479.33024793482457
10.380467077572236,13.290209234930236,1,490.8610022927319
12.384589207914196,19.785771275104718,1,475.40704861156775
9.019564786692733,14.657459367091866,1,503.91163926130884
12.847718996971265,15.766237597051202,6,475.38871500661253
8.593367719679087,6.559657785734155,6,453.4545816991031
12.1118120666729,14.512268786069294,5,476.5232868742299
14.436871858420437,19.877113265965406,1,453.62847976596515
8.305328169837804,11.87086533368842,2,474.0462568489194
3.244962637078466,19.566271489962197,5,487.21128762541866
13.256300279908315,13.759658921569319,6,477.08337113258057
12.573919540138073,13.65571739784089,3,504.5863259776019
5.564509224814799,9.986015453599471,1,522.0736064004889
8.13565825400554,6.843806243813946,6,458.81781077957436
13.747783558777288,14.352343796865112,4,477.67586098543575
13.888656246653346,14.656009956449504,2,485.90200092568875
3.2672535946762125,13.629099585011097,5,480.2829337651181
8.26444486066137,14.42135376863646,6,484.83716515827405
6.395528401409585,5.327346310771798,6,448.36963804694415
5.04330755232462,13.337216116315012,3,479.00367809179323
11.724500271660832,13.443716966152818,3,502.01703784282444
7.557112661868652,16.5302754178931,4,475.7061373674791
9.872662141541952,5.621087741048641,3,481.21556576450774
9.362763439704032,19.823149783006585,4,465.88047612512634
2.185761366860711,13.078195078516314,5,438.9080026181846
